Methods,Sales,
Convnce,529,
Convnce,658,
Convnce,793,
Convnce,514,
Convnce,663,
Convnce,719,
Convnce,711,
Convnce,606,
Convnce,461,
Convnce,529,
Convnce,498,
Convnce,663,
Convnce,604,
Convnce,495,
Convnce,485,
Convnce,557,
Convnce,353,
Convnce,557,
Convnce,542,
Convnce,614,
Quality,804,
Quality,630,
Quality,774,
Quality,717,
Quality,679,
Quality,604,
Quality,620,
Quality,697,
Quality,706,
Quality,615,
Quality,492,
Quality,719,
Quality,787,
Quality,699,
Quality,572,
Quality,523,
Quality,584,
Quality,634,
Quality,580,
Quality,624,
Price,672,
Price,531,
Price,443,
Price,596,
Price,602,
Price,502,
Price,659,
Price,689,
Price,675,
Price,512,
Price,691,
Price,733,
Price,698,
Price,776,
Price,561,
Price,572,
Price,469,
Price,581,
Price,679,
Price,532,
